"Region name";"Bread crumbs";"Product name";"Price";"Old price";"Avaliable";"Links to picture";"Link to the product"
Ростов-на-Дону;Главная->Каталог продукции->Транспорт->Автотреки и машинки Hot Wheels->Mattel Hot Wheels FYK13 Хот Вилс МОНСТР ТРАК ТЯГАЧ;Mattel Hot Wheels FYK13 Хот Вилс МОНСТР ТРАК ТЯГАЧ;3 189 руб.;4 249 руб.; Товар есть в наличии;https://www.toy.ru/catalog/toys-avtotreki/mattel_hot_wheels_fyk13_khot_vils_monster_trak_tyagach/;https://cdn.toy.ru/upload/iblock/a1f/fyk13_c_18_0001.jpg?_cvc=1665807003
Ростов-на-Дону;Главная->Каталог продукции->Транспорт->Коллекционные машинки->Модели мотоциклов->Welly 12856P Велли Модель мотоцикла 1:18 YAMAHA YZF-R6;Welly 12856P Велли Модель мотоцикла 1:18 YAMAHA YZF-R6;759 руб.;; Товар есть в наличии;https://www.toy.ru/catalog/modeli_mototsiklov/welly_12856p_velli_model_mototsikla_1_18_yamaha_yzf_r6/;https://cdn.toy.ru/upload/iblock/57a/12856p.jpg?_cvc=1665807003
Ростов-на-Дону;Главная->Каталог продукции->Транспорт->Коллекционные машинки->Модели мотоциклов->Welly 12857P Велли Модель мотоцикла 1:18 HONDA GOLD WING;Welly 12857P Велли Модель мотоцикла 1:18 HONDA GOLD WING;759 руб.;; Товар есть в наличии;https://www.toy.ru/catalog/modeli_mototsiklov/welly_12857p_velli_model_mototsikla_1_18_honda_gold_wing/;https://cdn.toy.ru/upload/iblock/302/12857p.jpg?_cvc=1665807003
Ростов-на-Дону;Главная->Каталог продукции->Транспорт->Коллекционные машинки->Коллекционные машинки->Welly 43750 Велли Модель машины 1:38 Chevrolet Silverado;Welly 43750 Велли Модель машины 1:38 Chevrolet Silverado;389 руб.;; Товар есть в наличии;https://www.toy.ru/catalog/modeli_mashin/welly_43750_velli_model_mashiny_1_38_chevrolet_silverado/;https://cdn.toy.ru/upload/iblock/844/43750_set_wm_190321.jpg?_cvc=1665807003
Ростов-на-Дону;Главная->Каталог продукции->Транспорт->Коллекционные машинки->Коллекционные машинки->Welly 99930C Велли Модель автобуса 1:60-64 London Bus открытый;Welly 99930C Велли Модель автобуса 1:60-64 London Bus открытый;539 руб.;; Товар есть в наличии;https://www.toy.ru/catalog/modeli_mashin/welly_99930c_velli_model_avtobusa_1_60_64_london_bus_otkrytyy/;https://cdn.toy.ru/upload/iblock/3b2/cqjo61aw8aixfbf.gif?_cvc=1665807003
Ростов-на-Дону;Главная->Каталог продукции->Транспорт->Коллекционные машинки->Коллекционные машинки->Welly 43763RY Велли Модель машины 1:34-39 LADA VESTA SW CROSS Sport;Welly 43763RY Велли Модель машины 1:34-39 LADA VESTA SW CROSS Sport;459 руб.;; Товар есть в наличии;https://www.toy.ru/catalog/modeli_mashin/welly_43763ry_velli_model_mashiny_1_34_39_lada_vesta_sw_cross_sport/;https://cdn.toy.ru/upload/iblock/d32/43763ry_3.png?_cvc=1665807003
Ростов-на-Дону;Главная->Каталог продукции->Транспорт->Коллекционные машинки->Модели мотоциклов->Welly 12845P Велли модель мотоцикла Kawasaki Ninja ZX-10RR;Welly 12845P Велли модель мотоцикла Kawasaki Ninja ZX-10RR;579 руб.;; Товар есть в наличии;https://www.toy.ru/catalog/modeli_mototsiklov/welly_12845p_velli_model_mototsikla_kawasaki_ninja_zx_10rr/;https://cdn.toy.ru/upload/iblock/c27/12845p.jpg?_cvc=1665807003
Ростов-на-Дону;Главная->Каталог продукции->Транспорт->Коллекционные машинки->Коллекционные машинки->Wincars YK-2202 Ретромодель с большими колёсами инерционная металлическая 13 см, (в ассортименте);Wincars YK-2202 Ретромодель с большими колёсами инерционная металлическая 13 см, (в ассортименте);899 руб.;; Товар есть в наличии;https://www.toy.ru/catalog/modeli_mashin/wincars_yk_2202_retromodel_s_bolshimi_kolyesami_inertsionnaya_metallicheskaya_13_sm_v_assortimente/;https://cdn.toy.ru/upload/iblock/738/yk_2202.jpg?_cvc=1665807003
Ростов-на-Дону;Главная->Каталог продукции->Транспорт->Коллекционные машинки->Коллекционные машинки->Wincars YK-2203 Внедорожник с большими колёсами инерционный металлический 14 см, (в ассортименте);Wincars YK-2203 Внедорожник с большими колёсами инерционный металлический 14 см, (в ассортименте);899 руб.;; Товар есть в наличии;https://www.toy.ru/catalog/modeli_mashin/wincars_yk_2203_vnedorozhnik_s_bolshimi_kolyesami_inertsionnyy_metallicheskiy_14_sm_v_assortimente/;https://cdn.toy.ru/upload/iblock/a2c/yk_2203.jpg?_cvc=1665807003
Ростов-на-Дону;Главная->Каталог продукции->Транспорт->Коллекционные машинки->Коллекционные машинки->Wincars YK-2205 Машинка с большими колёсами инерционная металл. 13 см (в ассортименте);Wincars YK-2205 Машинка с большими колёсами инерционная металл. 13 см (в ассортименте);669 руб.;; Товар есть в наличии;https://www.toy.ru/catalog/modeli_mashin/wincars_yk_2205_mashinka_s_bolshimi_kolyesami_inertsionnaya_metall_13_sm_v_assortimente/;https://cdn.toy.ru/upload/iblock/8fa/yk_2205.jpg?_cvc=1665807003
Ростов-на-Дону;Главная->Каталог продукции->Транспорт->Коллекционные машинки->Коллекционные машинки->Wincars YK-2206 Автобус с большими колёсами инерционный металл.10 см (в ассортименте);Wincars YK-2206 Автобус с большими колёсами инерционный металл.10 см (в ассортименте);639 руб.;; Товар есть в наличии;https://www.toy.ru/catalog/modeli_mashin/wincars_yk_2206_avtobus_s_bolshimi_kolyesami_inertsionnyy_metall_10_sm_v_assortimente/;https://cdn.toy.ru/upload/iblock/65f/yk_2206.jpg?_cvc=1665807003
Ростов-на-Дону;Главная->Каталог продукции->Транспорт->Коллекционные машинки->Коллекционные машинки->Wincars YK-2207 Машинка с большими колёсами инерционная металлическая 11 см, (в ассортименте);Wincars YK-2207 Машинка с большими колёсами инерционная металлическая 11 см, (в ассортименте);519 руб.;; Товар есть в наличии;https://www.toy.ru/catalog/modeli_mashin/wincars_yk_2207_mashinka_s_bolshimi_kolyesami_inertsionnaya_metallicheskaya_11_sm_v_assortimente/;https://cdn.toy.ru/upload/iblock/66c/yk_2207.jpg?_cvc=1665807003
Ростов-на-Дону;Главная->Каталог продукции->Транспорт->Коллекционные машинки->Коллекционные машинки->Wincars YK-2208 Машинка с большими колёсами инерционная металлическая 10 см, (в ассортименте);Wincars YK-2208 Машинка с большими колёсами инерционная металлическая 10 см, (в ассортименте);459 руб.;; Товар есть в наличии;https://www.toy.ru/catalog/modeli_mashin/wincars_yk_2208_mashinka_s_bolshimi_kolyesami_inertsionnaya_metallicheskaya_10_sm_v_assortimente/;https://cdn.toy.ru/upload/iblock/3d1/yk_2208.jpg?_cvc=1665807003
Ростов-на-Дону;Главная->Каталог продукции->Транспорт->Коллекционные машинки->Коллекционные машинки->Welly 95948 Велли Модель автобуса;Welly 95948 Велли Модель автобуса;589 руб.;; Товар есть в наличии;https://www.toy.ru/catalog/modeli_mashin/welly_95948_velli_model_avtobusa/;https://cdn.toy.ru/upload/iblock/436/95948.jpg?_cvc=1665807003
Ростов-на-Дону;Главная->Каталог продукции->Игровые наборы->Фигурки->Rev&Roll EU881011 Фигурка+машинка (метал) - Рев и Рамбл;Rev&Roll EU881011 Фигурка+машинка (метал) - Рев и Рамбл;1 289 руб.;; Товар есть в наличии;https://www.toy.ru/catalog/toys-figurki/rev_roll_eu881011_figruka_mashinka_metal_rev_i_rambl/;https://cdn.toy.ru/upload/iblock/3b1/82_600.jpg?_cvc=1665807003
Ростов-на-Дону;Главная->Каталог продукции->Игровые наборы->Фигурки->Rev&Roll EU881021 Фигурка+машинка (метал) - Эйвери и Элли;Rev&Roll EU881021 Фигурка+машинка (метал) - Эйвери и Элли;1 289 руб.;; Товар есть в наличии;https://www.toy.ru/catalog/toys-figurki/rev_roll_eu881021_figruka_mashinka_metal_averi_i_alley/;https://cdn.toy.ru/upload/iblock/78d/78_600.jpg?_cvc=1665807003
Ростов-на-Дону;Главная->Каталог продукции->Игровые наборы->Фигурки->Rev&Roll EU881031 Фигурка+машинка (метал) - Бо и Сприцер;Rev&Roll EU881031 Фигурка+машинка (метал) - Бо и Сприцер;1 289 руб.;; Товар есть в наличии;https://www.toy.ru/catalog/toys-figurki/rev_roll_eu881031_figruka_mashinka_metal_bo_i_spritser/;https://cdn.toy.ru/upload/iblock/c32/79_600.jpg?_cvc=1665807003
Ростов-на-Дону;Главная->Каталог продукции->Игровые наборы->Фигурки->Rev&Roll EU881041 Фигурка+машинка (метал) - Оуен и Крэш;Rev&Roll EU881041 Фигурка+машинка (метал) - Оуен и Крэш;489 руб.;1 289 руб.; Товар есть в наличии;https://www.toy.ru/catalog/toys-figurki/rev_roll_eu881041_figruka_mashinka_metal_ouen_i_kresh/;https://cdn.toy.ru/upload/iblock/843/81_600.jpg?_cvc=1665807003
Ростов-на-Дону;Главная->Каталог продукции->Игровые наборы->Фигурки->Rev&Roll EU881051 Фигурка+машинка (метал) - Лори и Типпер;Rev&Roll EU881051 Фигурка+машинка (метал) - Лори и Типпер;489 руб.;1 289 руб.; Товар есть в наличии;https://www.toy.ru/catalog/toys-figurki/rev_roll_eu881051_figruka_mashinka_metal_lori_i_tipper/;https://cdn.toy.ru/upload/iblock/376/80_600.jpg?_cvc=1665807003
Ростов-на-Дону;Главная->Каталог продукции->Игровые наборы->Любимые герои->Rev&Roll EU881210 Машинка - Рамбл;Rev&Roll EU881210 Машинка - Рамбл;1 579 руб.;; Товар есть в наличии;https://www.toy.ru/catalog/lyubimye_geroi_figures/rev_roll_eu881210_mashinka_rambl/;https://cdn.toy.ru/upload/iblock/3cf/90_600.jpg?_cvc=1665807003
Ростов-на-Дону;Главная->Каталог продукции->Игровые наборы->Любимые герои->Rev&Roll EU881220 Машинка - Элли;Rev&Roll EU881220 Машинка - Элли;1 579 руб.;; Товар есть в наличии;https://www.toy.ru/catalog/lyubimye_geroi_figures/rev_roll_eu881220_mashinka_alley/;https://cdn.toy.ru/upload/iblock/b3f/89_600.jpg?_cvc=1665807003
Ростов-на-Дону;Главная->Каталог продукции->Игровые наборы->Любимые герои->Rev&Roll EU881230 Машинка - Сприцер;Rev&Roll EU881230 Машинка - Сприцер;1 579 руб.;; Товар есть в наличии;https://www.toy.ru/catalog/lyubimye_geroi_figures/rev_roll_eu881230_mashinka_spritser/;https://cdn.toy.ru/upload/iblock/4e3/92_600.jpg?_cvc=1665807003
Ростов-на-Дону;Главная->Каталог продукции->Игровые наборы->Любимые герои->Rev&Roll EU881240 Машинка - Крэш;Rev&Roll EU881240 Машинка - Крэш;1 579 руб.;; Товар есть в наличии;https://www.toy.ru/catalog/lyubimye_geroi_figures/rev_roll_eu881240_mashinka_kresh/;https://cdn.toy.ru/upload/iblock/2b0/91_600.jpg?_cvc=1665807003
Ростов-на-Дону;Главная->Каталог продукции->Игровые наборы->Любимые герои->Rev&Roll EU881250 Машинка - Типпер;Rev&Roll EU881250 Машинка - Типпер;1 579 руб.;; Товар есть в наличии;https://www.toy.ru/catalog/lyubimye_geroi_figures/rev_roll_eu881250_mashinka_tipper/;https://cdn.toy.ru/upload/iblock/81a/93_600.jpg?_cvc=1665807003
Ростов-на-Дону;Главная->Каталог продукции->Игровые наборы->Любимые герои->Rev&Roll EU881310 Машинка+фигурка+аксессуары - Рамбл;Rev&Roll EU881310 Машинка+фигурка+аксессуары - Рамбл;2 969 руб.;; Товар есть в наличии;https://www.toy.ru/catalog/lyubimye_geroi_figures/rev_roll_eu881310_mashinka_figurka_akssesuary_rambl/;https://cdn.toy.ru/upload/iblock/5d2/eu881310.jpg?_cvc=1665807003
Ростов-на-Дону;Главная->Каталог продукции->Транспорт->Коллекционные машинки->Модели мотоциклов->Welly 12852P Велли Модель мотоцикла 1:18 Honda CB1000R;Welly 12852P Велли Модель мотоцикла 1:18 Honda CB1000R;579 руб.;; Товар есть в наличии;https://www.toy.ru/catalog/modeli_mototsiklov/welly_12852p_velli_model_mototsikla_1_18_honda_cb1000r/;https://cdn.toy.ru/upload/iblock/066/12852p.jpg?_cvc=1665807003
Ростов-на-Дону;Главная->Каталог продукции->Игровые наборы->Любимые герои->Rev&Roll EU881720 Фигурка+машинка (пластик) - Авери и Аллей;Rev&Roll EU881720 Фигурка+машинка (пластик) - Авери и Аллей;2 099 руб.;; Товар есть в наличии;https://www.toy.ru/catalog/lyubimye_geroi_figures/rev_roll_eu881720_figruka_mashinka_plastik_averi_i_alley/;https://cdn.toy.ru/upload/iblock/041/6563023_0.jpg?_cvc=1665807003
Ростов-на-Дону;Главная->Каталог продукции->Игровые наборы->Любимые герои->Rev&Roll EU881730 Фигурка+машинка (пластик) - Бо и Сприцер;Rev&Roll EU881730 Фигурка+машинка (пластик) - Бо и Сприцер;2 099 руб.;; Товар есть в наличии;https://www.toy.ru/catalog/lyubimye_geroi_figures/rev_roll_eu881730_figruka_mashinka_plastik_bo_i_spritser/;https://cdn.toy.ru/upload/iblock/994/6563022_0.jpg?_cvc=1665807003
Ростов-на-Дону;Главная->Каталог продукции->Игровые наборы->Мини наборы->Wincars YK-2220 Пожарная часть Разборная инерционная машина с цистерной и водомётом, звук, свет;Wincars YK-2220 Пожарная часть Разборная инерционная машина с цистерной и водомётом, звук, свет;2 189 руб.;; Товар есть в наличии;https://www.toy.ru/catalog/mininabory/wincars_yk_2220_pozharnaya_chast_razbornaya_inertsionnaya_mashina_s_tsisternoy_i_vodomyetom_zvuk_sve/;https://cdn.toy.ru/upload/iblock/7b8/yk_2220_6.jpg?_cvc=1665807003
Ростов-на-Дону;Главная->Каталог продукции->Игровые наборы->Мини наборы->Wincars YK-2222 Чистый город Подметально-уборочная машина, звук, свет;Wincars YK-2222 Чистый город Подметально-уборочная машина, звук, свет;2 189 руб.;; Товар есть в наличии;https://www.toy.ru/catalog/mininabory/wincars_yk_2222_chistyy_gorod_podmetalno_uborochnaya_mashina_zvuk_svet/;https://cdn.toy.ru/upload/iblock/869/yk_2222_6.jpg?_cvc=1665807003
Ростов-на-Дону;Главная->Каталог продукции->Транспорт->Коллекционные машинки->Наборы машинок->Welly 95210-3B Велли Игровой набор "Полицейская команда" 3 шт.;Welly 95210-3B Велли Игровой набор "Полицейская команда" 3 шт.;669 руб.;; Товар есть в наличии;https://www.toy.ru/catalog/nabory_mashinok/welly_95210_3b_velli_igrovoy_nabor_politseyskaya_komanda_3_sht/;https://cdn.toy.ru/upload/iblock/6cd/95210_3b.jpg?_cvc=1665807003
Ростов-на-Дону;Главная->Каталог продукции->Транспорт->Машинки из мультфильмов->Monster Jam 6061554 Монстр Джем Трюковая машинка;Monster Jam 6061554 Монстр Джем Трюковая машинка;1 349 руб.;; Товар есть в наличии;https://www.toy.ru/catalog/mashinki_iz_multfilmov/monster_jam_6061554_monstr_dzhem_tryukovaya_mashinka/;https://cdn.toy.ru/upload/iblock/dfe/1.jpg?_cvc=1665807003
Ростов-на-Дону;Главная->Каталог продукции->Игровые наборы->Мини наборы->Fortnite FNT0732 Транспортное средство Reboot Van с фигуркой;Fortnite FNT0732 Транспортное средство Reboot Van с фигуркой;5 999 руб.;; Товар есть в наличии;https://www.toy.ru/catalog/mininabory/fortnite_fnt0732_transportnoe_sredstvo_reboot_van_s_figurkoy/;https://cdn.toy.ru/upload/iblock/287/13a/1.jpg?_cvc=1665807003
Ростов-на-Дону;Главная->Каталог продукции->Игровые наборы->Любимые герои->Rev&Roll EU881120 Мини машинка - Элли;Rev&Roll EU881120 Мини машинка - Элли;239 руб.;619 руб.; Товар есть в наличии;https://www.toy.ru/catalog/lyubimye_geroi_figures/rev_roll_eu881120_mini_mashinka_alley/;https://cdn.toy.ru/upload/iblock/d4d/84_600.jpg?_cvc=1665807003
Ростов-на-Дону;Главная->Каталог продукции->Игровые наборы->Любимые герои->Rev&Roll EU881130 Мини машинка - Сприцер;Rev&Roll EU881130 Мини машинка - Сприцер;239 руб.;619 руб.; Товар есть в наличии;https://www.toy.ru/catalog/lyubimye_geroi_figures/rev_roll_eu881130_mini_mashinka_spritser/;https://cdn.toy.ru/upload/iblock/a09/87_600.jpg?_cvc=1665807003
Ростов-на-Дону;Главная->Каталог продукции->Игровые наборы->Любимые герои->Rev&Roll EU881140 Мини машинка - Крэш;Rev&Roll EU881140 Мини машинка - Крэш;239 руб.;619 руб.; Товар есть в наличии;https://www.toy.ru/catalog/lyubimye_geroi_figures/rev_roll_eu881140_mini_mashinka_kresh/;https://cdn.toy.ru/upload/iblock/dc1/85_600.jpg?_cvc=1665807003
Ростов-на-Дону;Главная->Каталог продукции->Игровые наборы->Любимые герои->Rev&Roll EU881150 Мини машинка - Типпер;Rev&Roll EU881150 Мини машинка - Типпер;239 руб.;619 руб.; Товар есть в наличии;https://www.toy.ru/catalog/lyubimye_geroi_figures/rev_roll_eu881150_mini_mashinka_tipper/;https://cdn.toy.ru/upload/iblock/db1/88_600.jpg?_cvc=1665807003
Ростов-на-Дону;Главная->Каталог продукции->Транспорт->Коллекционные машинки->Коллекционные машинки->Welly 52001 Велли Модель машины 1:60 LADA Vesta и LADA Vesta SW cross (в ассортименте);Welly 52001 Велли Модель машины 1:60 LADA Vesta и LADA Vesta SW cross (в ассортименте);169 руб.;; Товар есть в наличии;https://www.toy.ru/catalog/modeli_mashin/welly_52001_velli_model_mashiny_1_60_lada_vesta_i_lada_vesta_sw_cross_v_assortimente/;https://cdn.toy.ru/upload/iblock/5fa/52001.jpg?_cvc=1665807003
Ростов-на-Дону;Главная->Каталог продукции->Транспорт->Машинки из мультфильмов->Rev&Roll RU881800 Машинка инерционная (пластик) в ассортименте;Rev&Roll RU881800 Машинка инерционная (пластик) в ассортименте;109 руб.;289 руб.; Товар есть в наличии;https://www.toy.ru/catalog/mashinki_iz_multfilmov/rev_roll_ru881800_mashinka_inertsionnaya_plastik_v_assortimente/;https://cdn.toy.ru/upload/iblock/f11/ru881800.jpg?_cvc=1665807003
